{
  "departments": [
    {
      "name": "Engineering",
      "id": "920a774e-617a-4a5b-82ea-8205c18eef75"
    },
    {
      "name": "Sales",
      "id": "cfd90465-28fa-4b9a-be3e-ef2517e987e9"
    },
    {
      "name": "Marketing",
      "id": "252fc1e8-aead-45cc-9d7d-e6003897bbf9"
    },
    {
      "name": "Operations",
      "id": "e573dd1c-4cd4-451d-a844-a25210e91135"
    },
    {
      "name": "Management",
      "id": "2b9edccb-41fc-4fc5-b832-ac86a034a877"
    },
    {
      "name": "Executive",
      "id": "aef293ee-8dcc-4d89-99cf-1b8f61bab07b"
    },
    {
      "name": "HR",
      "id": "ddd31c01-a30d-4e72-8e8b-d710fcc4fb56"
    }
  ],
  "people": [
    {
      "id": "2798c35b-5b8f-4a5d-9858-0a818d48cbef",
      "firstName": "Orval",
      "lastName": "Hauck",
      "jobTitle": "CEO",
      "departmentId": "2b9edccb-41fc-4fc5-b832-ac86a034a877"
    },
    {
      "id": "d44390cd-b306-4e11-b7d5-a5e0e6fe1e3d",
      "firstName": "Asia",
      "lastName": "Streich",
      "jobTitle": "Dynamic Branding Orchestrator",
      "departmentId": "aef293ee-8dcc-4d89-99cf-1b8f61bab07b",
      "managerId": "2798c35b-5b8f-4a5d-9858-0a818d48cbef"
    },
    {
      "id": "24341d42-8235-47a1-9ec5-c6afcbdcef16",
      "firstName": "Ofelia",
      "lastName": "Buckridge",
      "jobTitle": "Direct Applications Architect",
      "departmentId": "cfd90465-28fa-4b9a-be3e-ef2517e987e9",
      "managerId": "d44390cd-b306-4e11-b7d5-a5e0e6fe1e3d"
    },
    {
      "id": "46956d54-093b-47c0-9c15-e1c512e0c155",
      "firstName": "Stanley",
      "lastName": "Bergstrom",
      "jobTitle": "Global Creative Strategist",
      "departmentId": "252fc1e8-aead-45cc-9d7d-e6003897bbf9",
      "managerId": "d44390cd-b306-4e11-b7d5-a5e0e6fe1e3d"
    },
    {
      "id": "1da7452e-dfe6-4a23-90d5-c926c5cc38d4",
      "firstName": "Tremaine",
      "lastName": "Dicki",
      "jobTitle": "Investor Branding Associate",
      "departmentId": "920a774e-617a-4a5b-82ea-8205c18eef75",
      "managerId": "2798c35b-5b8f-4a5d-9858-0a818d48cbef"
    },
    {
      "id": "900923b0-1296-442a-8d95-43f3cf598614",
      "firstName": "Hilma",
      "lastName": "Ratke",
      "jobTitle": "Senior Assurance Officer",
      "departmentId": "cfd90465-28fa-4b9a-be3e-ef2517e987e9",
      "managerId": "46956d54-093b-47c0-9c15-e1c512e0c155"
    },
    {
      "id": "fe265097-a16f-48d8-a378-2beba254cdbb",
      "firstName": "Lois",
      "lastName": "Schimmel",
      "jobTitle": "Dynamic Response Representative",
      "departmentId": "cfd90465-28fa-4b9a-be3e-ef2517e987e9",
      "managerId": "d44390cd-b306-4e11-b7d5-a5e0e6fe1e3d"
    },
    {
      "id": "a8f51791-9a06-46a3-a125-f14bdf401e55",
      "firstName": "Francisco",
      "lastName": "Padberg",
      "jobTitle": "Direct Metrics Technician",
      "departmentId": "ddd31c01-a30d-4e72-8e8b-d710fcc4fb56",
      "managerId": "900923b0-1296-442a-8d95-43f3cf598614"
    },
    {
      "id": "bdbec70c-80ef-40c2-adda-401ee0615426",
      "firstName": "Fleta",
      "lastName": "Moore",
      "jobTitle": "Senior Applications Architect",
      "departmentId": "252fc1e8-aead-45cc-9d7d-e6003897bbf9",
      "managerId": "24341d42-8235-47a1-9ec5-c6afcbdcef16"
    },
    {
      "id": "d6a7b78e-7a58-43a0-a7a6-03ceebd5d750",
      "firstName": "Christ",
      "lastName": "Pfannerstill",
      "jobTitle": "Chief Implementation Director",
      "departmentId": "252fc1e8-aead-45cc-9d7d-e6003897bbf9",
      "managerId": "2798c35b-5b8f-4a5d-9858-0a818d48cbef"
    },
    {
      "id": "6fb2fdc9-7216-4292-b989-4923520915ca",
      "firstName": "Torey",
      "lastName": "Schmeler",
      "jobTitle": "Dynamic Branding Supervisor",
      "departmentId": "aef293ee-8dcc-4d89-99cf-1b8f61bab07b",
      "managerId": "d6a7b78e-7a58-43a0-a7a6-03ceebd5d750"
    },
    {
      "id": "7df9df7d-0e1b-4b28-9074-da32c4e2a2ec",
      "firstName": "Ashton",
      "lastName": "Lemke",
      "jobTitle": "Dynamic Tactics Technician",
      "departmentId": "ddd31c01-a30d-4e72-8e8b-d710fcc4fb56",
      "managerId": "6fb2fdc9-7216-4292-b989-4923520915ca"
    },
    {
      "id": "f4bbed43-d896-41db-a945-9bebb60e7e81",
      "firstName": "Marta",
      "lastName": "Schulist",
      "jobTitle": "Dynamic Quality Developer",
      "departmentId": "252fc1e8-aead-45cc-9d7d-e6003897bbf9",
      "managerId": "bdbec70c-80ef-40c2-adda-401ee0615426"
    },
    {
      "id": "ff2d59ff-b193-464b-8b98-690e0930e5c5",
      "firstName": "Kathryn",
      "lastName": "Hansen",
      "jobTitle": "Direct Markets Manager",
      "departmentId": "e573dd1c-4cd4-451d-a844-a25210e91135",
      "managerId": "a8f51791-9a06-46a3-a125-f14bdf401e55"
    },
    {
      "id": "31678bb2-2e0e-4648-b64c-29ce9ca04afc",
      "firstName": "Ernestina",
      "lastName": "Schiller",
      "jobTitle": "International Applications Engineer",
      "departmentId": "920a774e-617a-4a5b-82ea-8205c18eef75",
      "managerId": "900923b0-1296-442a-8d95-43f3cf598614"
    },
    {
      "id": "252c982c-0770-41b1-824d-f6b847d84e36",
      "firstName": "Tevin",
      "lastName": "Johnson",
      "jobTitle": "District Research Executive",
      "departmentId": "920a774e-617a-4a5b-82ea-8205c18eef75",
      "managerId": "bdbec70c-80ef-40c2-adda-401ee0615426"
    },
    {
      "id": "2e463e7c-b35e-425a-aeac-2762c8bbbff3",
      "firstName": "Colby",
      "lastName": "Kuhlman",
      "jobTitle": "Legacy Data Analyst",
      "departmentId": "e573dd1c-4cd4-451d-a844-a25210e91135",
      "managerId": "fe265097-a16f-48d8-a378-2beba254cdbb"
    },
    {
      "id": "83f61bbb-e9e7-46f4-8e23-7005d7d29636",
      "firstName": "Prudence",
      "lastName": "Grant",
      "jobTitle": "Global Accountability Director",
      "departmentId": "e573dd1c-4cd4-451d-a844-a25210e91135",
      "managerId": "d6a7b78e-7a58-43a0-a7a6-03ceebd5d750"
    },
    {
      "id": "67eb7ce0-dc60-4047-a188-bf90b92a76f4",
      "firstName": "Beatrice",
      "lastName": "McGlynn",
      "jobTitle": "Investor Functionality Manager",
      "departmentId": "252fc1e8-aead-45cc-9d7d-e6003897bbf9",
      "managerId": "bdbec70c-80ef-40c2-adda-401ee0615426"
    },
    {
      "id": "257a3d9d-91c0-4f25-8eb2-e7ccde0e61c2",
      "firstName": "Kenya",
      "lastName": "Keeling",
      "jobTitle": "International Paradigm Associate",
      "departmentId": "920a774e-617a-4a5b-82ea-8205c18eef75",
      "managerId": "f4bbed43-d896-41db-a945-9bebb60e7e81"
    },
    {
      "id": "189ec125-d53a-408e-8803-b4b6dcb32f9a",
      "firstName": "Gabriella",
      "lastName": "Stoltenberg",
      "jobTitle": "Human Metrics Designer",
      "departmentId": "920a774e-617a-4a5b-82ea-8205c18eef75",
      "managerId": "2e463e7c-b35e-425a-aeac-2762c8bbbff3"
    },
    {
      "id": "6a56a153-05d6-4ce3-b6ec-c629a3815d81",
      "firstName": "Kody",
      "lastName": "Conn",
      "jobTitle": "Investor Data Associate",
      "departmentId": "2b9edccb-41fc-4fc5-b832-ac86a034a877",
      "managerId": "d6a7b78e-7a58-43a0-a7a6-03ceebd5d750"
    },
    {
      "id": "3a29651c-d050-4c68-886e-542137132a70",
      "firstName": "Boyd",
      "lastName": "Gibson",
      "jobTitle": "Direct Marketing Designer",
      "departmentId": "cfd90465-28fa-4b9a-be3e-ef2517e987e9",
      "managerId": "2798c35b-5b8f-4a5d-9858-0a818d48cbef"
    },
    {
      "id": "e499e3fb-d0d0-442b-ad6c-c44b4eb9038a",
      "firstName": "Myrl",
      "lastName": "Sanford",
      "jobTitle": "Dynamic Configuration Orchestrator",
      "departmentId": "2b9edccb-41fc-4fc5-b832-ac86a034a877",
      "managerId": "6a56a153-05d6-4ce3-b6ec-c629a3815d81"
    },
    {
      "id": "ad0ccddc-f957-4ded-b44d-18fb39cb2250",
      "firstName": "Lauretta",
      "lastName": "Oberbrunner",
      "jobTitle": "Investor Accounts Orchestrator",
      "departmentId": "e573dd1c-4cd4-451d-a844-a25210e91135",
      "managerId": "46956d54-093b-47c0-9c15-e1c512e0c155"
    },
    {
      "id": "d3324188-8056-4c50-a29a-e640f85b29f6",
      "firstName": "Meagan",
      "lastName": "Effertz",
      "jobTitle": "District Functionality Manager",
      "departmentId": "cfd90465-28fa-4b9a-be3e-ef2517e987e9",
      "managerId": "f4bbed43-d896-41db-a945-9bebb60e7e81"
    },
    {
      "id": "92bb1af6-a990-46a7-9588-458c84783e45",
      "firstName": "Chadrick",
      "lastName": "Parisian",
      "jobTitle": "Direct Operations Consultant",
      "departmentId": "e573dd1c-4cd4-451d-a844-a25210e91135",
      "managerId": "d6a7b78e-7a58-43a0-a7a6-03ceebd5d750"
    },
    {
      "id": "fe702086-8b76-42e8-870f-ae9e9d5c42ae",
      "firstName": "Freddy",
      "lastName": "Bernhard",
      "jobTitle": "Investor Marketing Architect",
      "departmentId": "252fc1e8-aead-45cc-9d7d-e6003897bbf9",
      "managerId": "6a56a153-05d6-4ce3-b6ec-c629a3815d81"
    },
    {
      "id": "49f88e7f-a975-4a24-8138-a87e943200c7",
      "firstName": "Thurman",
      "lastName": "Okuneva",
      "jobTitle": "Direct Functionality Administrator",
      "departmentId": "cfd90465-28fa-4b9a-be3e-ef2517e987e9",
      "managerId": "d6a7b78e-7a58-43a0-a7a6-03ceebd5d750"
    },
    {
      "id": "1f9d8023-0d77-4780-945a-5b5467280119",
      "firstName": "Alberta",
      "lastName": "Oberbrunner",
      "jobTitle": "National Brand Assistant",
      "departmentId": "ddd31c01-a30d-4e72-8e8b-d710fcc4fb56",
      "managerId": "92bb1af6-a990-46a7-9588-458c84783e45"
    },
    {
      "id": "0c4ad3f2-7f97-4e19-83b1-4bffee080539",
      "firstName": "Kelsi",
      "lastName": "Hettinger",
      "jobTitle": "Regional Data Manager",
      "departmentId": "920a774e-617a-4a5b-82ea-8205c18eef75",
      "managerId": "1f9d8023-0d77-4780-945a-5b5467280119"
    },
    {
      "id": "9d24311a-01c6-47a6-9e68-61bb363a7af2",
      "firstName": "Megane",
      "lastName": "Moore",
      "jobTitle": "Regional Program Engineer",
      "departmentId": "2b9edccb-41fc-4fc5-b832-ac86a034a877",
      "managerId": "46956d54-093b-47c0-9c15-e1c512e0c155"
    },
    {
      "id": "686d03af-e1c4-4002-8754-1965c029a4d6",
      "firstName": "Claudine",
      "lastName": "Schamberger",
      "jobTitle": "Product Usability Engineer",
      "departmentId": "252fc1e8-aead-45cc-9d7d-e6003897bbf9",
      "managerId": "24341d42-8235-47a1-9ec5-c6afcbdcef16"
    },
    {
      "id": "60898dda-1b28-4558-8376-8fc5defdb68a",
      "firstName": "Axel",
      "lastName": "Rippin",
      "jobTitle": "Product Quality Director",
      "departmentId": "252fc1e8-aead-45cc-9d7d-e6003897bbf9",
      "managerId": "49f88e7f-a975-4a24-8138-a87e943200c7"
    },
    {
      "id": "eaed139f-308a-475c-8e51-979235335cb7",
      "firstName": "Kelsie",
      "lastName": "Osinski",
      "jobTitle": "Corporate Metrics Facilitator",
      "departmentId": "e573dd1c-4cd4-451d-a844-a25210e91135",
      "managerId": "ad0ccddc-f957-4ded-b44d-18fb39cb2250"
    },
    {
      "id": "ffc3f5f4-3494-4f3e-b64a-4c5058d0ea61",
      "firstName": "Mateo",
      "lastName": "Schowalter",
      "jobTitle": "Principal Web Manager",
      "departmentId": "2b9edccb-41fc-4fc5-b832-ac86a034a877",
      "managerId": "d6a7b78e-7a58-43a0-a7a6-03ceebd5d750"
    },
    {
      "id": "dbf6151e-2baf-47e6-985e-4cc5f788ee4d",
      "firstName": "Dayana",
      "lastName": "Hilpert",
      "jobTitle": "Product Assurance Representative",
      "departmentId": "cfd90465-28fa-4b9a-be3e-ef2517e987e9",
      "managerId": "2e463e7c-b35e-425a-aeac-2762c8bbbff3"
    },
    {
      "id": "cc59441e-2aac-4e50-adab-8697aca33ec3",
      "firstName": "Ulises",
      "lastName": "Heidenreich",
      "jobTitle": "Global Accounts Technician",
      "departmentId": "e573dd1c-4cd4-451d-a844-a25210e91135",
      "managerId": "eaed139f-308a-475c-8e51-979235335cb7"
    },
    {
      "id": "4af1baa3-aaeb-4fcf-96eb-5d2db0be644f",
      "firstName": "Chasity",
      "lastName": "Steuber",
      "jobTitle": "Regional Applications Liaison",
      "departmentId": "cfd90465-28fa-4b9a-be3e-ef2517e987e9",
      "managerId": "fe265097-a16f-48d8-a378-2beba254cdbb"
    },
    {
      "id": "0c091e59-74b8-4da4-8843-e9dcd43874e6",
      "firstName": "Hollis",
      "lastName": "Konopelski",
      "jobTitle": "Global Assurance Supervisor",
      "departmentId": "920a774e-617a-4a5b-82ea-8205c18eef75",
      "managerId": "e499e3fb-d0d0-442b-ad6c-c44b4eb9038a"
    },
    {
      "id": "c1d4b15b-9949-4d8b-9435-da961d1ba6b0",
      "firstName": "Genesis",
      "lastName": "Hettinger",
      "jobTitle": "Dynamic Directives Associate",
      "departmentId": "cfd90465-28fa-4b9a-be3e-ef2517e987e9",
      "managerId": "f4bbed43-d896-41db-a945-9bebb60e7e81"
    },
    {
      "id": "2c1ccbca-baf9-435c-8762-e96ec3400e1e",
      "firstName": "Monroe",
      "lastName": "Smith",
      "jobTitle": "Regional Optimization Producer",
      "departmentId": "cfd90465-28fa-4b9a-be3e-ef2517e987e9",
      "managerId": "1f9d8023-0d77-4780-945a-5b5467280119"
    },
    {
      "id": "cb10a6ca-b5cd-4e8a-a3f7-a92804d7e601",
      "firstName": "Kaitlyn",
      "lastName": "Kshlerin",
      "jobTitle": "Product Identity Manager",
      "departmentId": "e573dd1c-4cd4-451d-a844-a25210e91135",
      "managerId": "189ec125-d53a-408e-8803-b4b6dcb32f9a"
    },
    {
      "id": "f548e812-125b-41cb-8ddb-0f8f896a874b",
      "firstName": "Orpha",
      "lastName": "Will",
      "jobTitle": "Corporate Operations Producer",
      "departmentId": "aef293ee-8dcc-4d89-99cf-1b8f61bab07b",
      "managerId": "49f88e7f-a975-4a24-8138-a87e943200c7"
    },
    {
      "id": "a73ddb0f-bf5a-4bb6-8fe3-fc2ec7be53ee",
      "firstName": "Citlalli",
      "lastName": "Fisher",
      "jobTitle": "Global Interactions Representative",
      "departmentId": "cfd90465-28fa-4b9a-be3e-ef2517e987e9",
      "managerId": "cb10a6ca-b5cd-4e8a-a3f7-a92804d7e601"
    },
    {
      "id": "81b733d4-7e0d-4050-be37-b9e41dab71c0",
      "firstName": "Fritz",
      "lastName": "D'Amore",
      "jobTitle": "Future Factors Analyst",
      "departmentId": "cfd90465-28fa-4b9a-be3e-ef2517e987e9",
      "managerId": "2e463e7c-b35e-425a-aeac-2762c8bbbff3"
    },
    {
      "id": "fbb7f8f9-b30c-4b12-95cd-6a19bb0a3ff1",
      "firstName": "Gonzalo",
      "lastName": "Torphy",
      "jobTitle": "Product Identity Strategist",
      "departmentId": "920a774e-617a-4a5b-82ea-8205c18eef75",
      "managerId": "fe702086-8b76-42e8-870f-ae9e9d5c42ae"
    },
    {
      "id": "7fa193ab-f4f1-4289-b2c3-4447f685dca8",
      "firstName": "Abdiel",
      "lastName": "Quitzon",
      "jobTitle": "Product Research Orchestrator",
      "departmentId": "ddd31c01-a30d-4e72-8e8b-d710fcc4fb56",
      "managerId": "81b733d4-7e0d-4050-be37-b9e41dab71c0"
    },
    {
      "id": "a38b0744-c9a6-4c45-bfcb-2a283ad878d9",
      "firstName": "Rashad",
      "lastName": "Schiller",
      "jobTitle": "Global Marketing Analyst",
      "departmentId": "aef293ee-8dcc-4d89-99cf-1b8f61bab07b",
      "managerId": "9d24311a-01c6-47a6-9e68-61bb363a7af2"
    },
    {
      "id": "d40f34df-d3d0-420e-869e-2afc236e1b3d",
      "firstName": "Verna",
      "lastName": "Pacocha",
      "jobTitle": "International Applications Producer",
      "departmentId": "aef293ee-8dcc-4d89-99cf-1b8f61bab07b",
      "managerId": "92bb1af6-a990-46a7-9588-458c84783e45"
    },
    {
      "id": "78605b33-0d4c-4239-965c-d246e6098803",
      "firstName": "Courtney",
      "lastName": "Moen",
      "jobTitle": "Human Applications Orchestrator",
      "departmentId": "cfd90465-28fa-4b9a-be3e-ef2517e987e9",
      "managerId": "46956d54-093b-47c0-9c15-e1c512e0c155"
    },
    {
      "id": "474a48cf-168f-4fec-b5fa-ee48d670d38c",
      "firstName": "Alvena",
      "lastName": "Lynch",
      "jobTitle": "Internal Quality Representative",
      "departmentId": "ddd31c01-a30d-4e72-8e8b-d710fcc4fb56",
      "managerId": "f4bbed43-d896-41db-a945-9bebb60e7e81"
    },
    {
      "id": "17fe3fc2-2e98-47fb-a826-f5f11b00880d",
      "firstName": "Vanessa",
      "lastName": "Adams",
      "jobTitle": "Legacy Quality Coordinator",
      "departmentId": "aef293ee-8dcc-4d89-99cf-1b8f61bab07b",
      "managerId": "3a29651c-d050-4c68-886e-542137132a70"
    },
    {
      "id": "cca3a445-0258-4b9f-963f-6ca495af0578",
      "firstName": "Hester",
      "lastName": "Hickle",
      "jobTitle": "Global Directives Manager",
      "departmentId": "2b9edccb-41fc-4fc5-b832-ac86a034a877",
      "managerId": "c1d4b15b-9949-4d8b-9435-da961d1ba6b0"
    },
    {
      "id": "ce6d34b0-22fa-450d-99a3-110dfb013f6b",
      "firstName": "Carmella",
      "lastName": "Willms",
      "jobTitle": "Central Group Developer",
      "departmentId": "ddd31c01-a30d-4e72-8e8b-d710fcc4fb56",
      "managerId": "24341d42-8235-47a1-9ec5-c6afcbdcef16"
    },
    {
      "id": "cc7c6423-cae6-401f-9aa7-121e45b09714",
      "firstName": "Roel",
      "lastName": "Grady",
      "jobTitle": "Human Security Orchestrator",
      "departmentId": "252fc1e8-aead-45cc-9d7d-e6003897bbf9",
      "managerId": "fbb7f8f9-b30c-4b12-95cd-6a19bb0a3ff1"
    },
    {
      "id": "0538871b-724c-4f36-a511-b0f4b9251d1a",
      "firstName": "Novella",
      "lastName": "Wolf",
      "jobTitle": "Direct Accountability Analyst",
      "departmentId": "ddd31c01-a30d-4e72-8e8b-d710fcc4fb56",
      "managerId": "e499e3fb-d0d0-442b-ad6c-c44b4eb9038a"
    },
    {
      "id": "b7e29a6d-3586-4c11-8573-e9e283b94280",
      "firstName": "Geo",
      "lastName": "Howell",
      "jobTitle": "Legacy Group Designer",
      "departmentId": "ddd31c01-a30d-4e72-8e8b-d710fcc4fb56",
      "managerId": "d3324188-8056-4c50-a29a-e640f85b29f6"
    },
    {
      "id": "585533c1-e6a2-40d9-88e6-d77b67f649f2",
      "firstName": "Rachelle",
      "lastName": "Kozey",
      "jobTitle": "Direct Marketing Specialist",
      "departmentId": "920a774e-617a-4a5b-82ea-8205c18eef75",
      "managerId": "1da7452e-dfe6-4a23-90d5-c926c5cc38d4"
    },
    {
      "id": "665f6462-3a63-4914-b730-a56f66b9d445",
      "firstName": "Granville",
      "lastName": "McGlynn",
      "jobTitle": "Principal Accounts Producer",
      "departmentId": "2b9edccb-41fc-4fc5-b832-ac86a034a877",
      "managerId": "cb10a6ca-b5cd-4e8a-a3f7-a92804d7e601"
    },
    {
      "id": "47a9c084-6ff9-4b73-ba8b-08eb1551eac6",
      "firstName": "Viviane",
      "lastName": "Hand",
      "jobTitle": "Human Response Architect",
      "departmentId": "ddd31c01-a30d-4e72-8e8b-d710fcc4fb56",
      "managerId": "f548e812-125b-41cb-8ddb-0f8f896a874b"
    },
    {
      "id": "6a0f3c90-5f5c-4c7e-a033-318a84990892",
      "firstName": "Helene",
      "lastName": "McCullough",
      "jobTitle": "Customer Optimization Coordinator",
      "departmentId": "ddd31c01-a30d-4e72-8e8b-d710fcc4fb56",
      "managerId": "dbf6151e-2baf-47e6-985e-4cc5f788ee4d"
    },
    {
      "id": "e5a50acc-6b8f-4605-bc83-83a55fb6de49",
      "firstName": "Kaya",
      "lastName": "Pfeffer",
      "jobTitle": "Product Configuration Assistant",
      "departmentId": "aef293ee-8dcc-4d89-99cf-1b8f61bab07b",
      "managerId": "a38b0744-c9a6-4c45-bfcb-2a283ad878d9"
    },
    {
      "id": "9eb5b46c-866f-4154-9c02-0278ba08167c",
      "firstName": "Luis",
      "lastName": "Gottlieb",
      "jobTitle": "Dynamic Accounts Executive",
      "departmentId": "2b9edccb-41fc-4fc5-b832-ac86a034a877",
      "managerId": "a8f51791-9a06-46a3-a125-f14bdf401e55"
    },
    {
      "id": "99b6af21-4389-4ff7-b583-e7a7bccee13e",
      "firstName": "Aisha",
      "lastName": "Lang",
      "jobTitle": "International Identity Assistant",
      "departmentId": "aef293ee-8dcc-4d89-99cf-1b8f61bab07b",
      "managerId": "2e463e7c-b35e-425a-aeac-2762c8bbbff3"
    },
    {
      "id": "610ce3f2-96f7-48aa-86bd-0003d4c5e1df",
      "firstName": "Jadon",
      "lastName": "Schaefer",
      "jobTitle": "Senior Applications Specialist",
      "departmentId": "cfd90465-28fa-4b9a-be3e-ef2517e987e9",
      "managerId": "2e463e7c-b35e-425a-aeac-2762c8bbbff3"
    },
    {
      "id": "91f0ca0a-c17e-4381-9ae0-37ed97d12567",
      "firstName": "Karine",
      "lastName": "Botsford",
      "jobTitle": "Dynamic Usability Architect",
      "departmentId": "cfd90465-28fa-4b9a-be3e-ef2517e987e9",
      "managerId": "686d03af-e1c4-4002-8754-1965c029a4d6"
    },
    {
      "id": "dab32b07-90eb-4f48-a112-a7e91272da69",
      "firstName": "Megane",
      "lastName": "Mante",
      "jobTitle": "Regional Division Consultant",
      "departmentId": "aef293ee-8dcc-4d89-99cf-1b8f61bab07b",
      "managerId": "24341d42-8235-47a1-9ec5-c6afcbdcef16"
    },
    {
      "id": "c10f1ee8-aa20-44cf-a731-c401886549d2",
      "firstName": "Warren",
      "lastName": "Hoppe",
      "jobTitle": "Principal Paradigm Liaison",
      "departmentId": "e573dd1c-4cd4-451d-a844-a25210e91135",
      "managerId": "60898dda-1b28-4558-8376-8fc5defdb68a"
    },
    {
      "id": "1fd73fef-fb68-4144-a482-5f850ecdffd9",
      "firstName": "Roberto",
      "lastName": "Mertz",
      "jobTitle": "Product Applications Consultant",
      "departmentId": "920a774e-617a-4a5b-82ea-8205c18eef75",
      "managerId": "6a56a153-05d6-4ce3-b6ec-c629a3815d81"
    },
    {
      "id": "e371d011-f48c-4a76-abbe-a3df9a57e84c",
      "firstName": "Casper",
      "lastName": "Tillman",
      "jobTitle": "Principal Implementation Specialist",
      "departmentId": "cfd90465-28fa-4b9a-be3e-ef2517e987e9",
      "managerId": "4af1baa3-aaeb-4fcf-96eb-5d2db0be644f"
    },
    {
      "id": "af575e46-5bc0-4602-967e-221924972c61",
      "firstName": "Rowland",
      "lastName": "Jast",
      "jobTitle": "Central Paradigm Architect",
      "departmentId": "aef293ee-8dcc-4d89-99cf-1b8f61bab07b",
      "managerId": "ce6d34b0-22fa-450d-99a3-110dfb013f6b"
    },
    {
      "id": "683287b8-4993-4c05-9dc0-0ae66844737c",
      "firstName": "Dorcas",
      "lastName": "Weber",
      "jobTitle": "National Integration Director",
      "departmentId": "2b9edccb-41fc-4fc5-b832-ac86a034a877",
      "managerId": "fbb7f8f9-b30c-4b12-95cd-6a19bb0a3ff1"
    },
    {
      "id": "1dd75fce-1a02-42ad-b321-00e1301c2cc1",
      "firstName": "Enid",
      "lastName": "Bailey",
      "jobTitle": "Dynamic Assurance Orchestrator",
      "departmentId": "ddd31c01-a30d-4e72-8e8b-d710fcc4fb56",
      "managerId": "f548e812-125b-41cb-8ddb-0f8f896a874b"
    },
    {
      "id": "91e97ea0-79a8-4847-a593-fee506416b68",
      "firstName": "Kian",
      "lastName": "Schimmel",
      "jobTitle": "Human Branding Manager",
      "departmentId": "cfd90465-28fa-4b9a-be3e-ef2517e987e9",
      "managerId": "91f0ca0a-c17e-4381-9ae0-37ed97d12567"
    },
    {
      "id": "33c0ec12-c1a0-4281-8091-43f2ce59aa99",
      "firstName": "Vaughn",
      "lastName": "Dietrich",
      "jobTitle": "Direct Branding Manager",
      "departmentId": "e573dd1c-4cd4-451d-a844-a25210e91135",
      "managerId": "9d24311a-01c6-47a6-9e68-61bb363a7af2"
    },
    {
      "id": "c6297557-cc3d-4f8a-92b7-383e001e560f",
      "firstName": "Anna",
      "lastName": "Robel",
      "jobTitle": "Forward Infrastructure Analyst",
      "departmentId": "252fc1e8-aead-45cc-9d7d-e6003897bbf9",
      "managerId": "252c982c-0770-41b1-824d-f6b847d84e36"
    },
    {
      "id": "b1f17d3f-97ba-4eb5-a2f9-3899022ee0c9",
      "firstName": "Demond",
      "lastName": "Kuphal",
      "jobTitle": "Legacy Infrastructure Developer",
      "departmentId": "920a774e-617a-4a5b-82ea-8205c18eef75",
      "managerId": "83f61bbb-e9e7-46f4-8e23-7005d7d29636"
    },
    {
      "id": "ac55764c-8757-4496-ab16-ab7386c96697",
      "firstName": "Minerva",
      "lastName": "Donnelly",
      "jobTitle": "Central Group Representative",
      "departmentId": "920a774e-617a-4a5b-82ea-8205c18eef75",
      "managerId": "9eb5b46c-866f-4154-9c02-0278ba08167c"
    },
    {
      "id": "24b5d32f-e285-495a-9524-c4157a0c14f9",
      "firstName": "Chanel",
      "lastName": "McKenzie",
      "jobTitle": "Customer Tactics Associate",
      "departmentId": "cfd90465-28fa-4b9a-be3e-ef2517e987e9",
      "managerId": "e371d011-f48c-4a76-abbe-a3df9a57e84c"
    },
    {
      "id": "1f6c76a0-2954-433d-a1de-9f4e5f791014",
      "firstName": "Noble",
      "lastName": "Schneider",
      "jobTitle": "District Paradigm Strategist",
      "departmentId": "2b9edccb-41fc-4fc5-b832-ac86a034a877",
      "managerId": "2e463e7c-b35e-425a-aeac-2762c8bbbff3"
    },
    {
      "id": "5fbcf151-97fb-4de6-9310-9d4123ca63d0",
      "firstName": "Brando",
      "lastName": "Fadel",
      "jobTitle": "Dynamic Directives Associate",
      "departmentId": "ddd31c01-a30d-4e72-8e8b-d710fcc4fb56",
      "managerId": "f548e812-125b-41cb-8ddb-0f8f896a874b"
    },
    {
      "id": "f40ac79a-14cf-4751-a7c6-a762a6bddb95",
      "firstName": "Garth",
      "lastName": "Schmeler",
      "jobTitle": "Dynamic Division Developer",
      "departmentId": "252fc1e8-aead-45cc-9d7d-e6003897bbf9",
      "managerId": "ad0ccddc-f957-4ded-b44d-18fb39cb2250"
    },
    {
      "id": "d72d5ed0-5bc8-422d-9603-c873bb9d3b2b",
      "firstName": "Frank",
      "lastName": "Collins",
      "jobTitle": "Chief Integration Director",
      "departmentId": "252fc1e8-aead-45cc-9d7d-e6003897bbf9",
      "managerId": "f4bbed43-d896-41db-a945-9bebb60e7e81"
    },
    {
      "id": "47d59eee-fcf2-437a-997e-2c1c3c2ce12f",
      "firstName": "Freddy",
      "lastName": "Bradtke",
      "jobTitle": "Principal Research Supervisor",
      "departmentId": "2b9edccb-41fc-4fc5-b832-ac86a034a877",
      "managerId": "ffc3f5f4-3494-4f3e-b64a-4c5058d0ea61"
    },
    {
      "id": "64f2826a-a76f-47a3-936e-3ae56062b35c",
      "firstName": "Rachel",
      "lastName": "Hermann",
      "jobTitle": "Corporate Data Representative",
      "departmentId": "aef293ee-8dcc-4d89-99cf-1b8f61bab07b",
      "managerId": "1f9d8023-0d77-4780-945a-5b5467280119"
    },
    {
      "id": "82c86c3a-5f4b-44d1-bed1-87c9339719d6",
      "firstName": "Doyle",
      "lastName": "Konopelski",
      "jobTitle": "Lead Communications Supervisor",
      "departmentId": "ddd31c01-a30d-4e72-8e8b-d710fcc4fb56",
      "managerId": "af575e46-5bc0-4602-967e-221924972c61"
    },
    {
      "id": "8b4f7390-fd68-4854-bfbd-7d2e2e781fd5",
      "firstName": "Werner",
      "lastName": "Keebler",
      "jobTitle": "Human Accounts Officer",
      "departmentId": "cfd90465-28fa-4b9a-be3e-ef2517e987e9",
      "managerId": "f548e812-125b-41cb-8ddb-0f8f896a874b"
    },
    {
      "id": "2d065aaf-d957-4a68-9dc0-b7a8e7ac41eb",
      "firstName": "Lillian",
      "lastName": "Leffler",
      "jobTitle": "Corporate Paradigm Technician",
      "departmentId": "252fc1e8-aead-45cc-9d7d-e6003897bbf9",
      "managerId": "fe702086-8b76-42e8-870f-ae9e9d5c42ae"
    },
    {
      "id": "5dc61ac9-d0f3-456b-8c5d-2bdfbeee95c3",
      "firstName": "Zoie",
      "lastName": "Lesch",
      "jobTitle": "Corporate Identity Producer",
      "departmentId": "2b9edccb-41fc-4fc5-b832-ac86a034a877",
      "managerId": "81b733d4-7e0d-4050-be37-b9e41dab71c0"
    },
    {
      "id": "342d9cfe-4b65-4d62-aa05-c53d04278e1f",
      "firstName": "Carey",
      "lastName": "Stehr",
      "jobTitle": "Lead Data Supervisor",
      "departmentId": "cfd90465-28fa-4b9a-be3e-ef2517e987e9",
      "managerId": "0c4ad3f2-7f97-4e19-83b1-4bffee080539"
    },
    {
      "id": "dc21e235-fdc3-4147-bb86-9d1b259fd2d8",
      "firstName": "Jarret",
      "lastName": "Hintz",
      "jobTitle": "Dynamic Integration Designer",
      "departmentId": "252fc1e8-aead-45cc-9d7d-e6003897bbf9",
      "managerId": "e5a50acc-6b8f-4605-bc83-83a55fb6de49"
    },
    {
      "id": "57dbb2eb-4911-4edc-a4ef-7a7cd65f65d5",
      "firstName": "Yadira",
      "lastName": "Wiegand",
      "jobTitle": "Customer Integration Executive",
      "departmentId": "920a774e-617a-4a5b-82ea-8205c18eef75",
      "managerId": "1f9d8023-0d77-4780-945a-5b5467280119"
    },
    {
      "id": "6fe7287d-8741-413b-8fef-9e9ad46be906",
      "firstName": "Monique",
      "lastName": "Purdy",
      "jobTitle": "Senior Applications Consultant",
      "departmentId": "cfd90465-28fa-4b9a-be3e-ef2517e987e9",
      "managerId": "900923b0-1296-442a-8d95-43f3cf598614"
    },
    {
      "id": "f420b3f7-478e-4378-8876-f181a9f2b50c",
      "firstName": "Talia",
      "lastName": "Wintheiser",
      "jobTitle": "International Branding Officer",
      "departmentId": "aef293ee-8dcc-4d89-99cf-1b8f61bab07b",
      "managerId": "1fd73fef-fb68-4144-a482-5f850ecdffd9"
    },
    {
      "id": "47e059cf-65d7-45a2-8e6e-d162f7c7f14d",
      "firstName": "Kasandra",
      "lastName": "Ruecker",
      "jobTitle": "Global Markets Planner",
      "departmentId": "920a774e-617a-4a5b-82ea-8205c18eef75",
      "managerId": "a38b0744-c9a6-4c45-bfcb-2a283ad878d9"
    },
    {
      "id": "fe4f76b6-d67e-44ed-b0ff-4867e85e9c50",
      "firstName": "Pasquale",
      "lastName": "Kerluke",
      "jobTitle": "Senior Paradigm Analyst",
      "departmentId": "aef293ee-8dcc-4d89-99cf-1b8f61bab07b",
      "managerId": "585533c1-e6a2-40d9-88e6-d77b67f649f2"
    },
    {
      "id": "f8752509-33af-4c3a-baf4-63f36a928c5b",
      "firstName": "Mckenzie",
      "lastName": "Lynch",
      "jobTitle": "Lead Functionality Manager",
      "departmentId": "aef293ee-8dcc-4d89-99cf-1b8f61bab07b",
      "managerId": "47e059cf-65d7-45a2-8e6e-d162f7c7f14d"
    },
    {
      "id": "98ee1b88-5b03-4a0e-a738-c9becba14fcd",
      "firstName": "Mandy",
      "lastName": "Rogahn",
      "jobTitle": "Principal Markets Facilitator",
      "departmentId": "252fc1e8-aead-45cc-9d7d-e6003897bbf9",
      "managerId": "64f2826a-a76f-47a3-936e-3ae56062b35c"
    },
    {
      "id": "45b2e05f-3a8f-466b-9786-87ac75ec1e6f",
      "firstName": "Julien",
      "lastName": "Weimann",
      "jobTitle": "District Accounts Specialist",
      "departmentId": "e573dd1c-4cd4-451d-a844-a25210e91135",
      "managerId": "fbb7f8f9-b30c-4b12-95cd-6a19bb0a3ff1"
    }
  ]
}